citation,year,domain,study design,population,cryo modality,comparator,local-anesthetic comparator yes/no,evidence tier,primary pain outcome,effect estimate,CI if reported,p value if reported,persistent-pain definition if relevant,opioid outcome if relevant,adverse-event information,overlap concern,interpretation permitted,interpretation prohibited
"Rai et al., J Dent Anesth Pain Med",2024,dental,RCT,adults undergoing palatal injection,ice application,benzocaine 20% gel,yes,A,VAS injection pain,VAS 11 vs 10 (ice vs gel),NR,p=0.955,NR,NR,NR,no,no statistically significant difference detected between ice and benzocaine gel,non-inferiority / equivalence (no non-inferiority design)
"Chilakamuri et al., J Dent Anesth Pain Med",2020,dental,RCT,children,ice application,topical anesthetic gel,yes,A,VAS/FLACC injection pain,NR,NR,NR,NR,NR,NR,no,direct comparison of pre-cooling vs topical LA gel,superiority unless reported
"Hindocha et al., BMC Anesthesiol",2019,dental,RCT,adults,ice application,lidocaine 5% gel,yes,A,pain on injection,NR,NR,NR,NR,NR,NR,no,direct comparison ice vs lidocaine gel,equivalence claims
"Lakshmanan and Ravindran, Int J Clin Pediatr Dent",2021,dental,RCT,children,cryotherapy,intraoral LA injection comparator,yes,A,pain perception,NR,NR,NR,NR,NR,NR,no,direct cryotherapy vs LA comparison,NR
"Peedikayil et al., J Dent Anesth Pain Med",2024,dental,RCT,children with molar incisal hypomineralization,cryotherapy adjunct,LA,yes,A,pain during injection/treatment,NR,NR,NR,NR,NR,NR,no,cryotherapy as adjunct to LA,independent substitute for LA
"Lakhani et al., Cureus",2023,dental,RCT,dental patients,distant cold stimulation,NR (likely placebo/sham or topical),unclear,B,pain during palatal injection,NR,NR,NR,NR,NR,NR,no,distant cold stimulation reduces injection pain vs control,direct LA substitution evidence
"Abbasi et al., J Oral Dis Diagn Ther",2023,dental,RCT,adults,ethyl chloride spray,lidocaine 5% gel,yes,A,injection pain,ethyl chloride superior to lidocaine gel,NR,reported significant,NR,NR,NR,no,direct comparison; reported superiority of vapocoolant,NR
"Tirupathi and Rajasekhar, J Dent Anesth Pain Med",2020,dental,systematic review,children,precooling,topical LA gels,mixed,A (synthesis),injection pain,NR,NR,NR,NR,NR,NR,overlaps included dental RCTs,synthesis of direct comparisons,counting as independent primary evidence
"Amrollahi et al., J Evid Based Dent Pract",2021,dental,systematic review,children,precooling,topical LA gels,mixed,A (synthesis),injection pain,NR,NR,NR,NR,NR,NR,overlaps included dental RCTs,synthesis of direct comparisons,counting as independent primary evidence
"Honaje et al., Dent J Adv Stud",2024,dental,systematic review,children,ice,topical anesthetic gel,mixed,A (synthesis),injection pain,NR,NR,NR,NR,NR,NR,overlaps included dental RCTs,synthesis of direct comparisons,counting as independent primary evidence
Sci Rep intrapulpal cryoanesthesia study,2025,dental,RCT,adults undergoing root canal,intrapulpal cryoanesthesia (cooled LA solution),unclear,no,B/C,intraoperative pain,NR,NR,NR,NR,NR,NR,no,extension of cryoanalgesic techniques within endodontics,LA-free substitution (uses cooled LA)
"Abdelrahman et al., Front Dent Med",2026,dental,single-blind RCT,children,ethyl chloride spray via cotton pellet,benzocaine 20% gel,yes,A,injection pain,NR,NR,NR,NR,NR,NR,no,direct vapocoolant vs topical LA comparison,NR
"Wang et al., PLoS One",2023,vascular access,SR+MA (25 RCTs; 3143 participants),adults and children,vapocoolant spray,mixed incl. LA creams and placebo,mixed,A/B (synthesis),venipuncture pain,adults SMD -0.65 vs comparator,95% CI -0.85 to -0.45,reported,NR,NR,NR,overlaps component RCTs and Cochrane review,quantitative benefit in adults; ineffective in children,uniform efficacy across ages
BMC Anesthesiol NMA,2025,vascular access,network meta-analysis (40 RCTs),children,vapocoolant spray,EMLA; needle-free lidocaine; placebo,yes (among comparators),A/B (synthesis),venipuncture/cannulation pain,vapocoolant no more effective than placebo; EMLA and needle-free lidocaine superior,NR,NR,NR,NR,NR,overlaps Wang SR and Cochrane,clear pediatric negative result for vapocoolant,pediatric substitution claim
"Akhgar et al., Emerg Med J",2025,vascular access,RCT,adults,vapocoolant spray,lidocaine-prilocaine cream,yes,A,cannulation pain,comparable efficacy,NR,NR,NR,NR,NR,no,direct vapocoolant vs LP cream comparison,equivalence unless formally tested
"Griffith et al., Cochrane Database Syst Rev",2016,vascular access,Cochrane review,mixed,vapocoolants,mixed,mixed,B (synthesis),cannulation pain,NR,NR,NR,NR,NR,NR,overlaps Wang SR,synthesis of vapocoolant evidence,independent primary evidence
"Gur and Cakmak, Eur J Clin Exp Med",2023,vascular access,RCT,adults,ethyl chloride spray,likely placebo/none,no,B,venipuncture pain,NR,NR,NR,NR,NR,NR,no,efficacy of ethyl chloride spray,LA substitution
"Rao et al., Anesth Essays Res",2019,vascular access,RCT,adults,ethyl chloride spray (technique comparison),alternative cryo technique,no,B,venipuncture pain,NR,NR,NR,NR,NR,NR,no,optimal application technique,NR
"Park R et al., Ann Med Surg (Lond)",2021,thoracic,SR+MA (24 RCTs),post-thoracotomy,cryoanalgesia + opioids,opioids alone,no,B (synthesis),acute and persistent post-thoracotomy pain,acute MD -2.32; persistent MD -0.81,95% CI -3.35 to -1.30; 95% CI -1.10 to -0.53,reported,persistent pain per component-study definitions (varied; typically >=2-3 mo),reduced opioid use,earlier thoracotomy series reported neuropathic pain,overlaps Cha SR and component RCTs,cryoanalgesia adjunct reduces pain/opioids vs opioids alone,LA substitution; uniform safety
"Cha et al., Trauma Surg Acute Care Open",2021,thoracic,systematic review (23 studies),chest wall pain (surgery/trauma),intercostal cryoneurolysis,mixed/unclear,unclear,B (synthesis),pain and opioid use,decreased opioid use,NR,NR,varied across component studies,decreased opioid use,NR,substantial overlap with Park MA component studies,evidence of efficacy of intercostal cryoneurolysis,independent evidence pool from Park; LA substitution
"Weksler et al., J Thorac Cardiovasc Surg",2025,thoracic,RCT,minimally invasive thoracic surgery,intercostal nerve cryoablation,same intercostal nerve blocks without cryoablation (adjunct design),no,B,postoperative opioids (MME) and pain,no difference in MME or VAS; neuropathy score higher with cryo (13 vs 8),NR,neuropathy at 2 wk p=0.019; 1-yr LANSS>=12: 30% vs 5% p=0.002,NR,NR,neuropathic pain increased at 2 wk and through 1 yr (Drake 2026 Ann Surg follow-up),no,cryoablation added to LA blocks gave no analgesic benefit and increased neuropathic pain,LA substitution (adjunct design); safety reassurance
"Miller et al., Pain Ther",2025,thoracic,cohort,lobectomy patients,intercostal nerve cryoablation,comparator unclear,no,C,postsurgical pain,NR,NR,NR,NR,NR,NR,no,feasibility/efficacy signal,comparative claims
"Nakazawa et al., Ann Thorac Cardiovasc Surg",2025,thoracic,cohort,open aortic repair,intercostal nerve cryoablation,comparator unclear,no,C,pain and pulmonary recovery,improved pain control and pulmonary recovery,NR,NR,NR,NR,NR,no,improved outcomes after open repair,causal/comparative claims
"Zacha and Biernawska, J Pers Med",2024,thoracic,scoping review,pediatric thoracic surgery,cryoanalgesia,mixed,no,C (synthesis),pain,NR,NR,NR,NR,NR,NR,overlaps thoracic reviews,ERAS context,NR
"Stopenski et al., Surg Pract Sci",2022,thoracic,narrative review,rib fracture,intercostal nerve cryoablation,mixed,no,C (synthesis),pain,NR,NR,NR,NR,NR,NR,overlaps rib-fracture studies,synthesis context,NR
"Muldiiarov and Bauman, Curr Chall Thorac Surg",2025,thoracic,narrative review,rib fracture,intercostal nerve block + cryoneurolysis,mixed,no,C (synthesis),pain,NR,NR,NR,NR,NR,NR,overlaps rib-fracture studies,synthesis context,NR
"Villalta et al., Trauma Surg Acute Care Open",2025,thoracic,case series,acute rib fracture,bedside percutaneous cryoneurolysis,none,no,C,pain,NR,NR,NR,NR,reduced opioid requirement reported,NR,no,technical feasibility,comparative efficacy
"ICE trial protocol, BMJ Open",2024,thoracic,RCT protocol,pectus excavatum (Nuss repair),intercostal nerve cryoablation,thoracic epidural analgesia,yes (planned),A (planned),postoperative pain,NR,NR,NR,NR,NR,NR,no,planned direct comparison,results claims
"Finneran et al., Anesthesiology",2025,thoracic,RCT,traumatic rib fracture,US-guided percutaneous cryoneurolysis,ropivacaine intercostal nerve block,yes,A,pain after rib fracture,NR,NR,NR,NR,opioid outcomes reported,neurologic events tracked,no,the landmark head-to-head cryoneurolysis vs LA-block RCT,generalization to all regional techniques
"González-Suárez et al., BMC Anesthesiol",2026,thoracic,prospective observational,minimally invasive cardiac surgery,intercostal cryoanalgesia,continuous serratus-intercostal plane block (LA-based),yes,A,postoperative pain,NR,NR,NR,NR,opioid use compared,NR,no,second head-to-head cryo vs LA-block comparison,RCT-level inference
"Miotto et al., JMIR Res Protoc",2026,thoracic,RCT protocol,thoracic surgery,intercostal cryoanalgesia,thoracic epidural analgesia,yes (planned),A (planned),postoperative pain,NR,NR,NR,NR,NR,NR,no,planned direct comparison,results claims
"Payne et al., J Pediatr Surg",2026,thoracic,retrospective cohort,MIRPE (pectus),intercostal nerve cryoablation (timing),none,no,C,postoperative opioid use,NR,NR,NR,NR,opioid use by timing,NR,no,timing/efficacy signal,LA-substitution inference
"Clinical predictors study, lung resection",2026,thoracic,cohort,anatomical lung resection,intraoperative intercostal cryoanalgesia,none,no,C,pain at 24 months,NR,NR,NR,pain at 24 months post-surgery,NR,NR,no,long-term persistent-pain outcome data,comparative claims
"Swisher et al., Pain Ther",2022,orthopedic,pilot RCT,total knee arthroplasty,US-guided percutaneous cryoneurolysis,sham,no,B,post-TKA pain,lower pain vs sham,NR,NR,NR,opioid use reported,NR,no,efficacy vs sham,substitution for LA peripheral nerve blocks
"Radnovich et al., J Arthroplasty",2021,orthopedic,comparative study,severe knee OA pre-TKA,preoperative cryoneurolysis,comparator unclear/no LA,no,B,postoperative pain,reduced postoperative pain,NR,NR,NR,NR,NR,no,preoperative cryoneurolysis efficacy signal,LA-block substitution
"Lung et al., Life (Basel)",2022,orthopedic,case series/cohort,TKA,cryoneurolysis,none,no,C,rehabilitation,pain/function improved,NR,NR,NR,NR,reported safe in small series,no,feasibility signal,safety conclusions beyond small series; LA substitution
"CoolRF vs cryoneurolysis, Cardiovasc Intervent Radiol",2025,orthopedic,comparative study,knee osteoarthritis,cryoneurolysis of genicular nerves,cooled radiofrequency ablation,no,B,pain,NR,NR,NR,NR,NR,NR,no,comparison vs another ablative modality,LA substitution
"Seth et al., J Hand Surg Am",2026,orthopedic/hand,RCT,percutaneous needle aponeurotomy,vapocoolant spray before LA infiltration,LA alone (adjunct comparison),indirect (combined use),B,procedure pain,NR,NR,NR,NR,NR,NR,no,vapocoolant as adjunct to LA,standalone LA substitute
"Roongpisuthipong et al., J Am Acad Dermatol",2023,dermatology/office,RCT,laser hair removal,ice packs,lidocaine-prilocaine mixture,yes,A,pain (VAS),lower VAS with ice; 60.2% preferred ice,NR,p=0.03,NR,NR,NR,no,direct comparison favoring ice,equivalence/non-inferiority framing beyond reported result
"Kuwahara and Skinner, Dermatol Surg",2001,dermatology/office,RCT,dermatologic procedures,ice,EMLA cream,yes,A,pain,NR,NR,NR,NR,NR,NR,no,direct ice vs EMLA comparison,NR
"Gupta et al., Indian J Drugs Dermatol",2020,dermatology/office,comparative study,dermatologic procedures,cryogel/ice,topical anesthetic modalities,yes,A,pain,NR,NR,NR,NR,NR,NR,no,direct multi-modality comparison,NR
"Garrido-Santamaría et al., Front Med",2026,dermatology/office,observational,etonogestrel implant insertion,ethyl chloride spray,subcutaneous 1% mepivacaine,yes,A,insertion pain,NR,NR,NR,NR,NR,NR,no,direct vapocoolant vs injectable LA in office procedure,RCT-level inference
"Gabriel et al., Korean J Anesthesiol",2020,thoracic,case series (n=3),mastectomy,US-guided percutaneous intercostal cryoneurolysis,historical controls,no,C,pain (NRS) and opioid use,NRS 0 all postoperative days; no supplemental opioids,NR,NR,NR,no opioids required,no complications reported,no,KJA-published feasibility signal,comparative efficacy
"Finneran et al., Korean J Anesthesiol",2020,thoracic,case series (n=3? reported cases),traumatic rib fracture,intercostal cryoneurolysis,none/no LA comparator,no,C,pain and respiratory function,opioid requirement decreased; extubation facilitated in index case,NR,NR,NR,opioid use decreased,NR,no,KJA-published feasibility signal,comparative efficacy
"Drake and Weksler, Innovations (Phila)",2026,thoracic,narrative review,thoracic surgery,cryoanalgesia,mixed,no,B/C (synthesis),pain/opioid outcomes,NR,NR,NR,chronic/neuropathic pain reported in some series,outcome dependent on control groups,reports neuropathic-type pain in some studies,overlaps thoracic primary studies,safety calibration and context,independent evidence
"van Polen et al., Eur J Cardiothorac Surg (ICE trial)",2026,thoracic,RCT (NCT05731973; n=48),pectus excavatum (Nuss repair),intercostal nerve cryoablation,thoracic epidural analgesia,yes,A,length of stay; postoperative pain; opioid use,"LOHS 1 vs 4 d; opioid -83% in-hospital, -97% post-discharge; pain day 7 and 14 lower",NR,LOHS p<0.001; pain d7 p=0.010; d14 p=0.035,persistent chest wall hypoesthesia 56% at 6 months,opioid consumption reduced 83-97%,persistent hypoesthesia 56% at 6 mo,no,the first completed RCT directly comparing cryoablation with an LA-based neuraxial technique,safety reassurance (hypoesthesia signal present)
"Mariconti et al., Reg Anesth Pain Med",2026,thoracic,retrospective cohort (n=42),pediatric pectus excavatum repair,percutaneous intercostal cryoanalgesia (timing),thoracic epidural analgesia,yes (observational),A,pain; opioid consumption; LOHS,severe pain 38% vs 78% (earlier cryo vs TEA); oral morphine 0.2 vs 12 mg/kg,NR,severe pain p<0.05; morphine p<0.001; LOHS p<0.001,NR,oral morphine and ropivacaine epidural dose reduced with earlier cryo,NR,no,observational evidence that earlier cryoanalgesia associates with lower opioid use vs TEA,"causal inference (retrospective, timing-confounded)"
"Rim et al., Eur J Pediatr Surg",2024,thoracic,single-blind RCT (n=48),pectus excavatum repair,intrathoracic cryoablation,conventional pain management (no LA block),no,B,postoperative pain,VAS 6h 5.38 vs 7.04; 48h 3.17 vs 5.67,NR,p<0.01 both,NR,rescue analgesic consumption compared,NR,no,Korean-institution RCT: cryoanalgesia improved pain vs conventional care,LA-substitution inference (no LA comparator)
